Date,Stage,Day,CompletedPanels
2025-01-01,Baseline,Wednesday,771.191
2025-01-02,Baseline,Thursday,754.419
2025-01-03,Baseline,Friday,758.602
2025-01-04,Baseline,Saturday,742.908
2025-01-05,Baseline,Sunday,728.525
2025-01-06,Baseline,Monday,756.836
2025-01-07,Baseline,Tuesday,770.651
2025-01-08,Baseline,Wednesday,798.776
2025-01-09,Baseline,Thursday,796.641
2025-01-10,Baseline,Friday,779.896
2025-01-11,Baseline,Saturday,751.958
2025-01-12,Baseline,Sunday,755.022
2025-01-13,Baseline,Monday,765.488
2025-01-14,Baseline,Tuesday,771.818
2025-01-15,Baseline,Wednesday,764.777
2025-01-16,Baseline,Thursday,772.829
2025-01-17,Baseline,Friday,763.258
2025-01-18,Baseline,Saturday,740.244
2025-01-19,Baseline,Sunday,716.811
2025-01-20,Baseline,Monday,770.988
2025-01-21,Baseline,Tuesday,772.821
2025-01-22,Baseline,Wednesday,773.455
2025-01-23,Baseline,Thursday,771.183
2025-01-24,Baseline,Friday,772.226
2025-01-25,Baseline,Saturday,720.817
2025-01-26,Baseline,Sunday,742.795
2025-01-27,Baseline,Monday,779.54
2025-01-28,Baseline,Tuesday,792.625
2025-01-29,Baseline,Wednesday,811.109
2025-01-30,Baseline,Thursday,782.346
2025-01-31,Baseline,Friday,790.084
2025-02-01,Define,Saturday,762.775
2025-02-02,Define,Sunday,765.313
2025-02-03,Define,Monday,811.407
2025-02-04,Define,Tuesday,817.903
2025-02-05,Define,Wednesday,814.712
2025-02-06,Define,Thursday,816.719
2025-02-07,Define,Friday,809.028
2025-02-08,Measure,Saturday,777.337
2025-02-09,Measure,Sunday,765.573
2025-02-10,Measure,Monday,815.258
2025-02-11,Measure,Tuesday,810.419
2025-02-12,Measure,Wednesday,807.536
2025-02-13,Measure,Thursday,798.006
2025-02-14,Measure,Friday,787.991
2025-02-15,Measure,Saturday,781.499
2025-02-16,Measure,Sunday,765.759
2025-02-17,Measure,Monday,794.614
2025-02-18,Measure,Tuesday,798.439
2025-02-19,Measure,Wednesday,805.278
2025-02-20,Measure,Thursday,800.783
2025-02-21,Measure,Friday,800.031
2025-02-22,Analyze,Saturday,753.257
2025-02-23,Analyze,Sunday,763.779
2025-02-24,Analyze,Monday,802.528
2025-02-25,Analyze,Tuesday,820.046
2025-02-26,Analyze,Wednesday,813.23
2025-02-27,Analyze,Thursday,816.534
2025-02-28,Analyze,Friday,801.154
2025-03-01,Analyze,Saturday,812.435
2025-03-02,Analyze,Sunday,790.3
2025-03-03,Analyze,Monday,830.783
2025-03-04,Analyze,Tuesday,864.22
2025-03-05,Analyze,Wednesday,837.026
