tx_id,team_code,expense_category,amount,fiscal_quarter
300001,T113,Software,31464.1,Q3
300002,T117,Office,34458.39,Q1
300003,T105,Software,30284.63,Q1
300004,T115,Travel,7404.74,Q3
300005,T106,Personnel,17193.53,Q4
300006,T105,Software,11358.77,Q4
300007,T101,Software,1739.26,Q4
300008,T116,Consulting,23861.54,Q4
300009,T103,Travel,7364.11,Q2
300010,T114,Hardware,5645.77,Q1
300011,T117,Personnel,35511.7,Q4
300012,T114,Hardware,35440.08,Q1
300013,T119,Hardware,15931.33,Q4
300014,T114,Training,2699.89,Q3
300015,T110,Travel,41188.82,Q2
300016,T102,Personnel,25957.21,Q3
300017,T110,Personnel,7487.2,Q1
300018,T112,Training,37984.3,Q2
300019,T108,Consulting,23881.25,Q1
300020,T105,Consulting,-4896.48,Q4
300021,T117,Consulting,39005.68,Q2
300022,T116,Hardware,34946.15,Q3
300023,T117,Training,37305.09,Q4
300024,T102,Office,34639.51,Q3
300025,T106,Travel,41272.82,Q4
300026,T113,Software,49563.19,Q1
300027,T111,Travel,19926.58,Q3
300028,T113,Office,8377.87,Q3
300029,T107,Hardware,25045.94,Q2
300030,T114,Training,41426.86,Q4
300031,T105,Personnel,41627.72,Q2
300032,T115,Travel,49567.62,Q3
300033,T115,Software,10620.25,Q4
300034,T106,Consulting,17069.03,Q3
300035,T117,Personnel,4189.2,Q1
300036,T108,Hardware,15426.17,Q4
300037,T107,Office,21229.91,Q4
300038,T101,Hardware,49668.91,Q2
300039,T113,Personnel,39307.34,Q1
300040,T111,Personnel,16280.53,Q2
300041,T115,Consulting,6493.46,Q4
300042,T104,Travel,41152.53,Q3
300043,T108,Hardware,44453.57,Q4
300044,T110,Office,5640.31,Q3
300045,T112,Office,30266.37,Q4
300046,T110,Personnel,26794.27,Q3
300047,T106,Travel,39517.01,Q1
300048,T104,Hardware,29259.33,Q1
300049,T110,Office,1657.15,Q3
300050,T116,Software,-1769.47,Q3
300051,T116,Training,14996.96,Q3
300052,T111,Hardware,25802.5,Q4
300053,T118,Software,4622.92,Q2
300054,T115,Personnel,6842.08,Q4
300055,T117,Hardware,44750.4,Q4
300056,T106,Consulting,12939.87,Q4
300057,T111,Software,32601.68,Q4
300058,T101,Travel,17992.34,Q3
300059,T103,Training,17416.58,Q2
300060,T112,Training,18896.25,Q3
300061,T104,Training,28686.15,Q1
300062,T108,Software,44597.1,Q2
300063,T119,Consulting,24386.35,Q4
300064,T104,Personnel,21686.51,Q4
300065,T105,Consulting,40507.67,Q4
300066,T108,Personnel,26526.43,Q3
300067,T106,Consulting,20925.09,Q2
300068,T116,Office,-1037.29,Q3
300069,T116,Travel,34114.81,Q3
300070,T113,Travel,-2684.82,Q2
300071,T106,Hardware,24757.87,Q4
300072,T107,Office,46261.96,Q3
300073,T109,Travel,-2989.5,Q3
300074,T114,Software,29004.27,Q4
300075,T113,Office,48374.52,Q3
300076,T110,Training,26174.71,Q1
300077,T113,Personnel,32964.21,Q3
300078,T107,Consulting,44909.71,Q2
300079,T110,Hardware,11645.69,Q3
300080,T115,Personnel,31703.44,Q2
300081,T117,Hardware,6054.53,Q2
300082,T101,Training,43816.55,Q3
300083,T101,Office,20107.6,Q4
300084,T107,Consulting,39635.95,Q1
300085,T101,Hardware,9233.31,Q3
300086,T101,Travel,42642.41,Q2
300087,T103,Travel,13949.22,Q1
300088,T115,Office,45918.16,Q4
300089,T118,Training,45968.67,Q1
300090,T106,Hardware,44139.36,Q4
300091,T118,Hardware,4467.65,Q1
300092,T114,Travel,34962.74,Q4
300093,T110,Travel,3808.54,Q4
300094,T108,Travel,37135.85,Q3
300095,T118,Hardware,11711.11,Q1
300096,T103,Travel,41436.9,Q1
300097,T111,Travel,-3976.98,Q2
300098,T101,Office,7943.59,Q3
300099,T106,Software,39882.56,Q3
300100,T107,Hardware,15415.79,Q3
300101,T103,Office,23864.82,Q4
300102,T104,Hardware,5572.11,Q2
300103,T111,Hardware,4578.96,Q3
300104,T119,Consulting,11363.34,Q1
300105,T115,Travel,18138.84,Q4
300106,T114,Training,14498.78,Q2
300107,T118,Training,48254.22,Q3
300108,T119,Personnel,6307.6,Q4
300109,T103,Software,21231.93,Q3
300110,T118,Consulting,39763.17,Q3
300111,T114,Travel,28047.04,Q4
300112,T109,Hardware,21487.21,Q1
300113,T113,Personnel,22801.62,Q4
300114,T116,Office,35781.33,Q4
300115,T103,Software,17697.8,Q3
300116,T102,Training,2915.69,Q2
300117,T107,Office,869.5,Q3
300118,T117,Training,47382.13,Q2
300119,T109,Office,43253.31,Q3
300120,T108,Training,2520.88,Q1
300121,T109,Office,29297.71,Q3
300122,T112,Consulting,35420.15,Q4
300123,T113,Personnel,44928.2,Q4
300124,T104,Personnel,32449.57,Q3
300125,T119,Personnel,30341.0,Q2
300126,T108,Consulting,42165.71,Q3
300127,T119,Software,8044.43,Q3
300128,T105,Travel,27971.11,Q4
300129,T113,Consulting,40075.64,Q3
300130,T107,Training,30518.56,Q4
300131,T119,Personnel,22217.65,Q2
300132,T112,Training,32365.76,Q4
300133,T114,Training,47835.02,Q2
300134,T118,Hardware,33433.05,Q3
300135,T118,Office,40558.97,Q3
300136,T106,Office,46231.99,Q1
300137,T114,Travel,7767.51,Q2
300138,T102,Consulting,-4428.35,Q2
300139,T119,Consulting,37048.97,Q2
300140,T114,Travel,28366.15,Q2
300141,T105,Travel,46365.7,Q2
300142,T102,Office,7942.02,Q1
300143,T112,Consulting,11199.02,Q1
300144,T115,Consulting,19919.44,Q3
300145,T101,Travel,2558.08,Q4
300146,T110,Hardware,36859.81,Q4
300147,T103,Consulting,43721.19,Q3
300148,T114,Consulting,744.99,Q1
300149,T112,Office,35516.94,Q3
300150,T102,Office,27711.24,Q4
300151,T107,Software,32097.89,Q3
300152,T119,Hardware,5687.94,Q3
300153,T118,Travel,22938.87,Q4
300154,T110,Office,27960.46,Q4
300155,T101,Hardware,5398.33,Q3
300156,T103,Personnel,34410.57,Q1
300157,T116,Personnel,12763.0,Q3
300158,T112,Consulting,38348.29,Q4
300159,T101,Software,5234.18,Q1
300160,T107,Software,16673.6,Q4
300161,T119,Travel,6083.86,Q4
300162,T114,Software,5331.27,Q1
300163,T111,Hardware,8547.74,Q4
300164,T106,Software,14037.86,Q2
300165,T117,Consulting,33523.14,Q1
300166,T104,Office,9214.73,Q1
300167,T111,Software,28723.16,Q4
300168,T116,Consulting,569.9,Q1
300169,T110,Travel,36359.85,Q1
300170,T110,Training,49810.29,Q1
300171,T102,Hardware,12807.42,Q2
300172,T108,Hardware,22137.62,Q1
300173,T105,Consulting,28247.49,Q1
300174,T116,Travel,34455.22,Q4
300175,T107,Travel,33776.44,Q3
300176,T111,Consulting,32060.23,Q2
300177,T103,Software,-1671.21,Q4
300178,T111,Consulting,7050.8,Q1
300179,T107,Training,24594.07,Q1
300180,T113,Travel,9547.75,Q1
300181,T111,Consulting,28474.51,Q2
300182,T113,Office,45162.34,Q1
300183,T115,Office,17699.91,Q4
300184,T101,Office,42479.63,Q3
300185,T108,Hardware,5166.84,Q3
300186,T119,Personnel,23667.08,Q2
300187,T119,Hardware,2856.66,Q2
300188,T118,Travel,36234.04,Q2
300189,T105,Travel,19459.63,Q2
300190,T116,Hardware,3629.57,Q4
300191,T114,Software,17367.36,Q1
300192,T107,Software,1628.45,Q4
300193,T108,Travel,15757.71,Q3
300194,T116,Consulting,2500.99,Q3
300195,T119,Travel,41241.07,Q2
300196,T108,Travel,40781.99,Q3
300197,T105,Training,7454.3,Q3
300198,T115,Travel,4928.32,Q3
300199,T104,Office,15831.49,Q3
300200,T106,Hardware,35635.32,Q1
300201,T106,Personnel,-3989.3,Q1
300202,T106,Training,32313.26,Q2
300203,T106,Personnel,24559.05,Q1
300204,T114,Consulting,33644.36,Q3
300205,T106,Travel,39284.27,Q4
300206,T114,Software,45175.84,Q1
300207,T104,Consulting,16444.41,Q1
300208,T109,Travel,21131.88,Q4
300209,T106,Software,31258.99,Q3
300210,T105,Travel,28347.06,Q1
300211,T110,Office,31067.62,Q4
300212,T112,Office,3093.31,Q4
300213,T111,Office,16737.39,Q3
300214,T113,Office,6816.12,Q4
300215,T115,Training,37492.26,Q3
300216,T110,Hardware,40966.58,Q4
300217,T105,Software,12622.34,Q3
300218,T116,Training,7734.89,Q1
300219,T106,Personnel,1173.35,Q4
300220,T113,Consulting,11913.34,Q3
300221,T106,Consulting,2597.23,Q2
300222,T115,Hardware,42064.38,Q4
300223,T103,Consulting,38756.34,Q2
300224,T106,Hardware,39164.24,Q3
300225,T119,Hardware,32554.01,Q1
300226,T102,Office,-4853.06,Q3
300227,T115,Travel,39203.06,Q4
300228,T105,Office,26236.34,Q4
300229,T117,Training,33929.12,Q4
300230,T110,Software,45536.55,Q3
300231,T112,Training,34569.26,Q1
300232,T119,Office,38085.52,Q2
300233,T115,Hardware,8935.89,Q3
300234,T112,Personnel,33275.61,Q3
300235,T115,Software,32942.07,Q4
300236,T104,Office,23715.77,Q2
300237,T113,Personnel,16056.83,Q1
300238,T111,Travel,36379.42,Q3
300239,T110,Travel,22868.17,Q2
300240,T101,Hardware,23455.36,Q1
300241,T101,Software,35412.53,Q3
300242,T118,Travel,12412.75,Q4
300243,T111,Training,35739.71,Q4
300244,T116,Travel,20165.02,Q1
300245,T111,Training,28047.93,Q2
300246,T108,Travel,17791.8,Q3
300247,T103,Hardware,10025.68,Q3
300248,T105,Software,48657.45,Q3
300249,T111,Consulting,41432.51,Q2
300250,T105,Consulting,40470.27,Q1
300251,T113,Software,1003.23,Q1
300252,T105,Office,29857.25,Q1
300253,T112,Personnel,35543.84,Q1
300254,T107,Hardware,45157.42,Q2
300255,T105,Training,49834.88,Q4
300256,T101,Training,27166.49,Q2
300257,T117,Travel,42349.35,Q1
300258,T117,Consulting,842.06,Q4
300259,T111,Office,33601.62,Q3
300260,T114,Training,11732.4,Q4
300261,T119,Consulting,40386.06,Q4
300262,T118,Hardware,37335.27,Q2
300263,T118,Consulting,21230.25,Q1
300264,T112,Office,37317.77,Q4
300265,T112,Office,26677.18,Q2
300266,T119,Travel,36127.14,Q2
300267,T107,Hardware,35455.54,Q4
300268,T117,Travel,22714.82,Q1
300269,T115,Office,46059.95,Q1
300270,T111,Software,34504.39,Q1
300271,T105,Training,42831.13,Q3
300272,T115,Consulting,46882.13,Q1
300273,T101,Office,22715.8,Q1
300274,T107,Hardware,-2472.05,Q1
300275,T111,Software,2973.56,Q1
300276,T114,Travel,49046.97,Q4
300277,T111,Travel,9223.47,Q1
300278,T110,Personnel,6928.0,Q3
300279,T103,Software,-4780.4,Q2
300280,T108,Travel,28307.55,Q4
300281,T101,Hardware,28817.61,Q2
300282,T114,Personnel,33408.4,Q3
300283,T112,Training,25746.4,Q3
300284,T114,Training,11227.92,Q3
300285,T113,Office,43967.67,Q4
300286,T113,Hardware,6525.78,Q3
300287,T119,Hardware,-4493.18,Q1
300288,T105,Training,28912.68,Q4
300289,T111,Personnel,31439.13,Q4
300290,T109,Software,29595.16,Q3
300291,T119,Training,22681.32,Q1
300292,T117,Personnel,13293.02,Q2
300293,T108,Training,27780.58,Q1
300294,T107,Hardware,37851.61,Q4
300295,T116,Travel,26498.5,Q2
300296,T107,Hardware,16916.46,Q1
300297,T116,Consulting,23357.27,Q1
300298,T105,Training,7115.64,Q1
300299,T110,Hardware,30609.58,Q3
300300,T119,Travel,35770.89,Q1
300301,T112,Personnel,24251.45,Q3
300302,T107,Personnel,47799.45,Q2
300303,T109,Office,48654.86,Q1
300304,T115,Consulting,11978.47,Q2
300305,T111,Software,14676.26,Q1
300306,T106,Office,-4666.78,Q1
300307,T113,Training,13602.7,Q1
300308,T105,Training,41226.46,Q4
300309,T110,Software,30404.65,Q2
300310,T104,Travel,28505.3,Q2
300311,T115,Training,14298.29,Q4
300312,T111,Training,9379.27,Q4
300313,T104,Travel,45803.46,Q2
300314,T109,Software,16678.29,Q3
300315,T106,Consulting,30278.78,Q1
300316,T114,Personnel,46203.61,Q3
300317,T101,Personnel,36541.62,Q2
300318,T102,Travel,36218.79,Q3
300319,T115,Personnel,36378.96,Q3
300320,T116,Office,7807.87,Q2
300321,T113,Hardware,23086.65,Q3
300322,T113,Hardware,1083.62,Q1
300323,T118,Training,49058.35,Q2
300324,T110,Travel,42910.22,Q1
300325,T107,Consulting,48791.58,Q4
300326,T113,Office,46737.71,Q4
300327,T103,Travel,11990.47,Q2
300328,T112,Training,26509.81,Q3
300329,T109,Consulting,44241.27,Q2
300330,T106,Office,16031.28,Q2
300331,T110,Training,40199.71,Q4
300332,T110,Office,39325.69,Q1
300333,T119,Office,6980.91,Q3
300334,T109,Hardware,12882.69,Q1
300335,T101,Software,-662.64,Q4
300336,T104,Travel,2997.97,Q1
300337,T109,Office,23499.61,Q4
300338,T107,Consulting,7270.21,Q3
300339,T115,Travel,27484.91,Q3
300340,T117,Travel,30113.2,Q3
300341,T118,Software,46159.47,Q3
300342,T103,Hardware,6731.37,Q3
300343,T102,Office,30393.66,Q3
300344,T119,Software,11120.72,Q3
300345,T115,Office,10526.02,Q3
300346,T109,Personnel,-3255.8,Q1
300347,T115,Software,25816.76,Q3
300348,T106,Travel,37524.57,Q1
300349,T106,Office,9118.73,Q3
300350,T116,Training,36289.24,Q4
300351,T101,Office,14412.36,Q1
300352,T101,Hardware,11845.85,Q3
300353,T112,Travel,15030.29,Q3
300354,T106,Personnel,7305.04,Q3
300355,T104,Hardware,48268.11,Q1
300356,T101,Training,29171.16,Q4
300357,T114,Consulting,30886.78,Q4
300358,T101,Office,25563.82,Q2
300359,T114,Travel,20478.98,Q4
300360,T111,Personnel,39446.15,Q1
300361,T102,Software,37941.6,Q4
300362,T111,Hardware,31955.28,Q4
300363,T114,Travel,37971.09,Q1
300364,T106,Office,6099.62,Q1
300365,T102,Consulting,49028.25,Q4
300366,T108,Hardware,34258.92,Q1
300367,T117,Office,14480.97,Q3
300368,T117,Office,7462.79,Q4
300369,T106,Consulting,46660.76,Q2
300370,T103,Training,27270.79,Q4
300371,T118,Travel,23005.64,Q3
300372,T111,Travel,40659.51,Q3
300373,T114,Software,2571.89,Q1
300374,T104,Office,-644.88,Q2
300375,T101,Training,23063.41,Q3
300376,T118,Hardware,35382.88,Q1
300377,T113,Hardware,5381.09,Q2
300378,T105,Personnel,45578.95,Q3
300379,T118,Hardware,45059.34,Q2
300380,T112,Personnel,49798.8,Q2
300381,T113,Consulting,27138.91,Q2
300382,T119,Travel,49286.69,Q1
300383,T111,Office,42565.98,Q1
300384,T105,Hardware,3705.57,Q2
300385,T116,Personnel,-4457.97,Q2
300386,T109,Software,38503.06,Q2
300387,T101,Office,18383.32,Q3
300388,T107,Consulting,24653.92,Q2
300389,T110,Office,11195.26,Q3
300390,T110,Consulting,21226.22,Q3
300391,T104,Personnel,17001.21,Q1
300392,T119,Consulting,-979.03,Q1
300393,T101,Software,33663.77,Q1
300394,T115,Consulting,-297.85,Q3
300395,T101,Hardware,32869.35,Q2
300396,T108,Travel,19841.52,Q1
300397,T116,Hardware,26924.63,Q4
300398,T112,Travel,23272.35,Q2
300399,T110,Consulting,1924.91,Q2
300400,T107,Office,44038.32,Q3
300401,T103,Office,32272.01,Q1
300402,T104,Hardware,5939.49,Q4
300403,T104,Training,27813.69,Q1
300404,T117,Travel,18838.24,Q4
300405,T102,Personnel,32301.59,Q1
300406,T101,Personnel,24752.18,Q1
300407,T106,Consulting,31039.37,Q1
300408,T111,Office,31822.06,Q1
300409,T103,Personnel,31497.28,Q4
300410,T117,Consulting,25487.3,Q1
300411,T103,Personnel,46753.36,Q4
300412,T102,Office,45321.19,Q3
300413,T108,Personnel,29460.6,Q4
300414,T108,Hardware,43801.48,Q1
300415,T114,Travel,34400.64,Q4
300416,T109,Hardware,33099.13,Q3
300417,T114,Personnel,15414.45,Q1
300418,T111,Personnel,42740.91,Q1
300419,T110,Consulting,37278.89,Q1
300420,T106,Office,47973.11,Q1
300421,T106,Consulting,33094.89,Q3
300422,T103,Personnel,6402.27,Q2
300423,T102,Personnel,15244.63,Q1
300424,T118,Software,49534.65,Q1
300425,T118,Travel,1345.66,Q3
300426,T104,Hardware,12314.23,Q1
300427,T104,Travel,41570.11,Q1
300428,T102,Personnel,8195.68,Q3
300429,T115,Consulting,9463.53,Q4
300430,T112,Training,13899.53,Q1
300431,T112,Consulting,46802.4,Q2
300432,T116,Consulting,10488.67,Q2
300433,T104,Software,29873.72,Q2
300434,T112,Hardware,23757.12,Q4
300435,T112,Consulting,25749.27,Q4
300436,T112,Office,6653.27,Q1
300437,T107,Consulting,5139.65,Q3
300438,T112,Personnel,15943.2,Q1
300439,T109,Hardware,28835.76,Q3
300440,T112,Office,31856.76,Q3
300441,T119,Hardware,49754.77,Q4
300442,T116,Software,41380.01,Q3
300443,T102,Travel,35665.2,Q4
300444,T102,Office,25214.59,Q3
300445,T109,Software,16833.03,Q1
300446,T113,Personnel,10473.86,Q3
300447,T114,Hardware,38744.32,Q2
300448,T108,Personnel,38585.43,Q1
300449,T118,Hardware,16662.5,Q3
300450,T119,Training,43866.12,Q1
300451,T109,Consulting,46581.15,Q3
300452,T102,Hardware,-550.29,Q1
300453,T102,Personnel,28159.31,Q4
300454,T105,Consulting,21074.49,Q1
300455,T105,Software,41647.26,Q3
300456,T118,Consulting,32448.24,Q2
300457,T101,Software,10212.22,Q1
300458,T106,Travel,6637.46,Q1
300459,T113,Travel,11113.91,Q1
300460,T114,Travel,33015.66,Q1
300461,T102,Personnel,38713.66,Q1
300462,T108,Software,16227.22,Q2
300463,T110,Training,27422.93,Q1
300464,T104,Travel,48152.79,Q3
300465,T117,Consulting,23552.4,Q1
300466,T119,Travel,1357.35,Q2
300467,T112,Office,48735.24,Q2
300468,T108,Software,550.62,Q1
300469,T111,Hardware,4967.74,Q1
300470,T105,Office,49040.33,Q1
300471,T119,Software,45968.05,Q3
300472,T103,Travel,4494.35,Q1
300473,T107,Personnel,7009.75,Q4
300474,T113,Office,42387.42,Q4
300475,T105,Office,49072.98,Q3
300476,T108,Hardware,30286.15,Q2
300477,T119,Hardware,46605.97,Q2
300478,T106,Personnel,41141.56,Q1
300479,T116,Personnel,3407.18,Q4
300480,T109,Travel,-3079.08,Q4
300481,T111,Software,19563.97,Q4
300482,T116,Training,25659.22,Q4
300483,T105,Training,22719.61,Q3
300484,T104,Hardware,42070.5,Q2
300485,T103,Software,49512.46,Q3
300486,T104,Office,23120.8,Q3
300487,T114,Travel,-444.7,Q3
300488,T117,Office,34971.64,Q4
300489,T106,Office,4973.61,Q4
300490,T108,Training,15887.2,Q1
300491,T112,Hardware,42805.73,Q3
300492,T115,Office,15114.37,Q4
300493,T109,Personnel,-1837.86,Q3
300494,T106,Hardware,40411.84,Q2
300495,T112,Hardware,4036.31,Q3
300496,T119,Office,39990.46,Q1
300497,T112,Hardware,12505.03,Q3
300498,T102,Hardware,36792.06,Q4
300499,T118,Training,12116.59,Q4
300500,T111,Training,16728.25,Q1
300501,T107,Office,20559.85,Q3
300502,T112,Office,38001.43,Q4
300503,T118,Personnel,39813.89,Q4
300504,T112,Consulting,20548.08,Q4
300505,T113,Office,-3368.38,Q1
300506,T106,Consulting,24547.8,Q2
300507,T119,Personnel,17404.93,Q1
300508,T118,Training,6772.65,Q2
300509,T115,Travel,38445.4,Q3
300510,T119,Travel,36987.8,Q1
300511,T117,Consulting,-2108.92,Q4
300512,T117,Travel,25396.39,Q1
300513,T106,Office,40290.5,Q2
300514,T105,Office,44697.22,Q3
300515,T106,Training,2797.08,Q3
300516,T105,Consulting,25863.75,Q2
300517,T116,Office,733.42,Q1
300518,T118,Training,12678.12,Q1
300519,T116,Hardware,25726.16,Q3
300520,T118,Consulting,808.22,Q3
300521,T118,Software,21904.59,Q4
300522,T101,Training,8586.79,Q4
300523,T105,Software,4548.11,Q2
300524,T114,Software,6213.58,Q1
300525,T105,Consulting,24943.28,Q2
300526,T106,Software,15389.49,Q4
300527,T119,Office,36728.94,Q1
300528,T117,Consulting,15297.43,Q2
300529,T119,Personnel,3739.74,Q3
300530,T114,Hardware,44183.85,Q2
300531,T119,Personnel,4078.9,Q1
300532,T106,Hardware,49453.61,Q4
300533,T108,Travel,36836.91,Q4
300534,T114,Hardware,46205.85,Q1
300535,T113,Office,21514.68,Q4
300536,T115,Software,23983.75,Q2
300537,T118,Office,11498.8,Q1
300538,T115,Software,641.61,Q2
300539,T110,Software,12292.58,Q1
300540,T105,Consulting,24215.43,Q3
300541,T103,Personnel,38283.49,Q3
300542,T104,Software,5095.83,Q3
300543,T113,Office,40322.04,Q4
300544,T119,Hardware,49334.27,Q1
300545,T118,Hardware,11746.38,Q2
300546,T107,Software,48217.81,Q1
300547,T101,Office,34987.11,Q4
300548,T116,Hardware,42572.88,Q2
300549,T112,Office,15369.07,Q1
300550,T106,Personnel,6110.94,Q4
300551,T118,Software,-3700.01,Q3
300552,T119,Consulting,33061.31,Q2
300553,T105,Training,26499.65,Q3
300554,T116,Training,4605.84,Q2
300555,T102,Training,40029.5,Q3
300556,T110,Software,5954.5,Q3
300557,T114,Software,14094.18,Q4
300558,T115,Hardware,28802.65,Q2
300559,T102,Travel,15783.88,Q4
300560,T116,Travel,16308.96,Q2
300561,T119,Personnel,21231.35,Q3
300562,T116,Personnel,8325.24,Q2
300563,T111,Hardware,48085.22,Q4
300564,T119,Travel,21214.61,Q1
300565,T103,Consulting,31415.02,Q4
300566,T118,Hardware,18309.22,Q4
300567,T111,Training,45413.52,Q1
300568,T101,Software,37058.38,Q4
300569,T110,Software,-3049.06,Q1
300570,T119,Software,19848.92,Q1
300571,T115,Software,45366.44,Q1
300572,T116,Travel,47315.62,Q2
300573,T110,Consulting,42942.06,Q1
300574,T109,Consulting,48490.48,Q3
300575,T117,Travel,2161.16,Q1
300576,T103,Software,41743.92,Q1
300577,T113,Office,38941.47,Q2
300578,T101,Office,39479.3,Q1
300579,T105,Software,29597.42,Q2
300580,T111,Travel,37425.8,Q1
300581,T105,Software,24684.8,Q3
300582,T117,Training,933.84,Q4
300583,T108,Office,46943.87,Q2
300584,T102,Training,44014.2,Q4
300585,T110,Personnel,6669.95,Q1
300586,T117,Travel,-1330.76,Q4
300587,T117,Consulting,40054.35,Q3
300588,T101,Hardware,6428.63,Q4
300589,T109,Consulting,17792.38,Q4
300590,T101,Training,3787.56,Q2
300591,T106,Software,28715.25,Q2
300592,T102,Consulting,25694.27,Q4
300593,T101,Software,39024.7,Q3
300594,T117,Training,-3098.04,Q3
300595,T112,Software,36635.92,Q3
300596,T109,Consulting,42690.31,Q4
300597,T105,Personnel,34421.61,Q2
300598,T112,Software,33907.73,Q1
300599,T110,Personnel,31707.97,Q1
300600,T119,Personnel,48644.95,Q4
300601,T110,Hardware,32372.92,Q3
300602,T103,Software,2398.69,Q4
300603,T114,Travel,4777.14,Q3
300604,T110,Consulting,19266.5,Q4
300605,T110,Travel,41904.74,Q2
300606,T103,Training,9743.64,Q4
300607,T109,Travel,36919.37,Q2
300608,T104,Consulting,29606.67,Q4
300609,T107,Consulting,3007.63,Q1
300610,T109,Consulting,19880.82,Q4
300611,T119,Hardware,47647.13,Q4
300612,T113,Consulting,43912.78,Q2
300613,T112,Consulting,44445.21,Q1
300614,T111,Hardware,7050.15,Q4
300615,T106,Office,39542.41,Q4
300616,T107,Consulting,12514.43,Q2
300617,T102,Hardware,38499.6,Q4
300618,T101,Office,49499.78,Q1
300619,T112,Training,33071.71,Q1
300620,T102,Software,1362.21,Q3
300621,T106,Software,36436.12,Q2
300622,T103,Hardware,-1100.2,Q3
300623,T105,Software,31718.0,Q3
300624,T110,Consulting,34123.34,Q1
300625,T115,Personnel,41464.74,Q1
300626,T115,Software,7339.66,Q1
300627,T104,Consulting,30043.53,Q2
300628,T101,Personnel,49794.77,Q3
300629,T115,Software,36479.18,Q3
300630,T119,Office,25507.91,Q3
300631,T103,Training,-485.74,Q2
300632,T104,Software,49137.64,Q4
300633,T116,Travel,39642.25,Q3
300634,T118,Training,23509.39,Q2
300635,T101,Consulting,41737.98,Q3
300636,T117,Training,7628.2,Q1
300637,T104,Consulting,12438.92,Q4
300638,T107,Training,42678.36,Q4
300639,T119,Travel,15175.77,Q1
300640,T117,Office,27328.56,Q3
300641,T106,Personnel,4832.08,Q4
300642,T118,Travel,42590.5,Q4
300643,T112,Software,16392.93,Q3
300644,T112,Personnel,35497.41,Q4
300645,T104,Hardware,14804.1,Q4
300646,T108,Consulting,4406.85,Q2
300647,T109,Office,15050.82,Q2
300648,T108,Consulting,18123.27,Q3
300649,T112,Personnel,12055.72,Q4
300650,T114,Personnel,41365.6,Q2
300651,T107,Office,16208.6,Q1
300652,T115,Consulting,-1195.55,Q1
300653,T115,Consulting,38858.55,Q2
300654,T103,Office,20289.38,Q3
300655,T103,Training,10148.57,Q3
300656,T118,Software,17993.28,Q3
300657,T105,Office,19105.74,Q4
300658,T104,Consulting,17002.96,Q2
300659,T104,Training,2559.08,Q3
300660,T110,Personnel,13739.86,Q3
300661,T116,Office,11397.87,Q2
300662,T104,Travel,12263.79,Q1
300663,T118,Training,41192.0,Q2
300664,T101,Personnel,7201.88,Q1
300665,T114,Consulting,35113.75,Q1
300666,T118,Training,18233.76,Q3
300667,T110,Hardware,13247.78,Q2
300668,T115,Travel,42313.51,Q2
300669,T105,Training,44770.57,Q1
300670,T110,Office,13943.01,Q1
300671,T110,Training,31311.88,Q2
300672,T105,Training,42341.16,Q3
300673,T102,Consulting,27173.79,Q3
300674,T117,Office,47450.76,Q4
300675,T108,Office,9113.27,Q2
300676,T107,Consulting,46784.71,Q3
300677,T113,Software,47432.14,Q2
300678,T118,Consulting,1140.33,Q4
300679,T106,Travel,37578.53,Q3
300680,T106,Hardware,38038.61,Q1
300681,T112,Hardware,26461.49,Q4
300682,T106,Office,2012.17,Q2
300683,T115,Consulting,32995.83,Q4
300684,T103,Software,20203.06,Q4
300685,T106,Training,31927.75,Q1
300686,T103,Personnel,30805.74,Q1
300687,T109,Office,2295.25,Q1
300688,T111,Training,3310.79,Q2
300689,T111,Travel,46186.79,Q4
300690,T115,Office,2314.63,Q2
300691,T105,Hardware,-4308.33,Q4
300692,T105,Personnel,43066.91,Q2
300693,T119,Consulting,21187.56,Q4
300694,T119,Hardware,25355.11,Q2
300695,T116,Consulting,17757.91,Q1
300696,T102,Consulting,22379.21,Q3
300697,T112,Travel,11047.88,Q1
300698,T113,Travel,8607.83,Q1
300699,T111,Personnel,11322.22,Q1
300700,T105,Personnel,27124.86,Q2
300701,T107,Hardware,14899.42,Q4
300702,T115,Consulting,21308.4,Q3
300703,T117,Hardware,34192.37,Q1
300704,T107,Office,20257.72,Q2
300705,T113,Software,-1103.85,Q1
300706,T102,Hardware,19870.89,Q4
300707,T111,Office,48620.33,Q3
300708,T110,Software,32989.57,Q1
300709,T108,Software,31084.6,Q1
300710,T114,Training,3739.3,Q3
300711,T116,Consulting,6574.55,Q1
300712,T116,Training,-2488.38,Q4
300713,T116,Hardware,7809.55,Q3
300714,T111,Software,1645.63,Q2
300715,T111,Travel,32728.21,Q4
300716,T111,Software,9068.53,Q1
300717,T119,Personnel,6274.68,Q1
300718,T112,Personnel,41205.35,Q4
300719,T105,Office,20903.45,Q4
300720,T103,Hardware,12240.89,Q4
300721,T105,Office,4395.48,Q2
300722,T107,Travel,31740.61,Q2
300723,T114,Hardware,34610.02,Q1
300724,T107,Hardware,34215.08,Q1
300725,T107,Software,12435.91,Q3
300726,T112,Travel,10100.31,Q3
300727,T101,Software,36978.02,Q4
300728,T102,Training,48856.1,Q3
300729,T101,Travel,22833.6,Q2
300730,T118,Software,19661.62,Q3
300731,T106,Travel,48557.4,Q4
300732,T116,Training,4463.89,Q3
300733,T106,Office,15805.22,Q4
300734,T102,Consulting,22429.0,Q1
300735,T111,Personnel,-3480.16,Q1
300736,T112,Training,-3306.64,Q3
300737,T104,Travel,11472.56,Q3
300738,T101,Personnel,6987.47,Q3
300739,T114,Consulting,43266.73,Q2
300740,T108,Consulting,22366.72,Q2
300741,T117,Travel,41766.93,Q1
300742,T115,Consulting,25078.05,Q3
300743,T109,Consulting,39571.49,Q2
300744,T117,Training,48014.99,Q1
300745,T118,Personnel,-1327.13,Q2
300746,T106,Consulting,49714.73,Q4
300747,T109,Office,9584.58,Q4
300748,T114,Consulting,-2409.11,Q1
300749,T110,Software,36522.5,Q2
300750,T118,Office,25908.59,Q4
300751,T108,Training,40837.68,Q1
300752,T118,Consulting,27517.69,Q3
300753,T104,Personnel,5901.53,Q2
300754,T115,Personnel,23690.41,Q2
300755,T111,Consulting,9504.56,Q3
300756,T101,Consulting,2526.68,Q2
300757,T113,Office,48624.58,Q4
300758,T114,Software,22779.11,Q1
300759,T112,Software,-1767.96,Q3
300760,T117,Training,39295.57,Q1
300761,T118,Office,648.72,Q4
300762,T116,Software,43652.82,Q1
300763,T102,Training,38340.99,Q3
300764,T105,Travel,41431.69,Q4
300765,T110,Personnel,27044.13,Q4
300766,T116,Office,26986.04,Q4
300767,T117,Consulting,2445.81,Q1
300768,T110,Consulting,-2012.05,Q4
300769,T109,Software,47383.0,Q1
300770,T113,Training,6986.8,Q4
300771,T106,Consulting,28503.29,Q1
300772,T110,Training,48543.55,Q1
300773,T117,Personnel,14625.95,Q1
300774,T114,Training,20834.47,Q1
300775,T118,Consulting,24342.46,Q4
300776,T110,Hardware,1871.29,Q1
300777,T112,Travel,48661.64,Q2
300778,T117,Personnel,48804.27,Q1
300779,T105,Training,32311.1,Q1
300780,T101,Personnel,49349.81,Q4
300781,T105,Travel,22035.46,Q1
300782,T105,Personnel,-1550.49,Q2
300783,T113,Office,6474.51,Q3
300784,T105,Software,41338.27,Q3
300785,T103,Consulting,35104.19,Q3
300786,T103,Travel,20033.07,Q3
300787,T101,Personnel,41089.48,Q4
300788,T116,Hardware,19899.3,Q1
300789,T113,Consulting,4915.5,Q4
300790,T112,Software,32540.56,Q3
300791,T102,Hardware,1036.68,Q4
300792,T110,Hardware,23933.49,Q3
300793,T115,Travel,49925.65,Q1
300794,T111,Hardware,22430.45,Q2
300795,T119,Hardware,31970.22,Q1
300796,T119,Personnel,46979.49,Q1
300797,T112,Consulting,5867.93,Q4
300798,T111,Consulting,45958.79,Q1
300799,T119,Training,49790.39,Q4
300800,T114,Training,21130.12,Q1
300801,T118,Office,13212.27,Q4
300802,T101,Travel,23754.41,Q2
300803,T111,Hardware,30971.14,Q3
300804,T110,Consulting,43155.69,Q1
300805,T103,Consulting,38871.04,Q2
300806,T104,Hardware,20187.45,Q3
300807,T119,Consulting,41198.71,Q3
300808,T110,Hardware,45895.51,Q4
300809,T105,Training,24146.61,Q4
300810,T104,Travel,957.53,Q1
300811,T112,Travel,-786.2,Q1
300812,T118,Training,2887.07,Q4
300813,T114,Hardware,34848.88,Q3
300814,T107,Training,30684.41,Q4
300815,T110,Travel,20928.17,Q3
300816,T118,Software,24520.06,Q4
300817,T103,Personnel,44168.66,Q3
300818,T103,Consulting,44183.0,Q4
300819,T115,Personnel,-3857.31,Q4
300820,T106,Personnel,30464.35,Q2
300821,T113,Office,1122.28,Q4
300822,T112,Personnel,20564.11,Q1
300823,T117,Software,13769.78,Q4
300824,T104,Hardware,40446.26,Q1
300825,T116,Training,21057.71,Q1
300826,T112,Training,41431.44,Q1
300827,T105,Personnel,19226.46,Q4
300828,T109,Office,22932.43,Q1
300829,T114,Consulting,11333.63,Q2
300830,T102,Hardware,23484.21,Q4
300831,T111,Training,33134.62,Q1
300832,T105,Personnel,34826.99,Q1
300833,T114,Training,39150.11,Q4
300834,T110,Personnel,40840.07,Q1
300835,T114,Consulting,35352.62,Q3
300836,T101,Training,13894.15,Q1
300837,T117,Hardware,14037.39,Q3
300838,T115,Office,5002.65,Q4
300839,T115,Personnel,33661.07,Q3
300840,T119,Consulting,44912.7,Q1
300841,T102,Travel,25553.13,Q2
300842,T108,Office,16338.07,Q3
300843,T116,Travel,3473.18,Q2
300844,T112,Office,49715.21,Q1
300845,T109,Personnel,21105.59,Q2
300846,T102,Personnel,-4637.97,Q2
300847,T118,Consulting,47808.41,Q2
300848,T107,Travel,24461.12,Q2
300849,T112,Hardware,18758.98,Q3
300850,T105,Consulting,11952.22,Q1
300851,T111,Travel,44392.73,Q1
300852,T111,Personnel,4206.61,Q4
300853,T116,Training,22607.95,Q3
300854,T112,Travel,34700.92,Q3
300855,T115,Training,28120.85,Q3
300856,T116,Training,30407.14,Q1
300857,T106,Personnel,17364.77,Q4
300858,T119,Software,3228.69,Q1
300859,T102,Training,22698.86,Q2
300860,T105,Software,41646.35,Q2
300861,T107,Software,-1907.56,Q4
300862,T104,Software,41813.07,Q2
300863,T110,Office,16229.27,Q2
300864,T102,Hardware,3065.45,Q1
300865,T105,Travel,35370.53,Q1
300866,T102,Office,44409.5,Q2
300867,T103,Training,-4802.25,Q2
300868,T101,Hardware,-653.16,Q2
300869,T117,Software,49737.76,Q1
300870,T117,Hardware,23600.55,Q1
300871,T101,Personnel,10944.88,Q3
300872,T109,Travel,35342.59,Q1
300873,T107,Personnel,47771.9,Q1
300874,T104,Consulting,37382.65,Q2
300875,T117,Consulting,49833.03,Q2
300876,T112,Training,-4845.46,Q2
300877,T111,Hardware,19731.53,Q3
300878,T107,Personnel,24246.67,Q3
300879,T103,Software,32329.1,Q2
300880,T111,Consulting,31751.39,Q1
300881,T116,Consulting,8793.56,Q1
300882,T112,Hardware,1896.42,Q3
300883,T104,Travel,24347.29,Q3
300884,T103,Training,39231.32,Q4
300885,T114,Personnel,3366.51,Q3
300886,T108,Training,14832.73,Q4
300887,T112,Training,7460.69,Q3
300888,T109,Training,34833.16,Q2
300889,T105,Software,4576.3,Q4
300890,T105,Personnel,37574.47,Q1
300891,T109,Travel,29003.91,Q4
300892,T109,Training,32677.27,Q4
300893,T103,Travel,27624.17,Q3
300894,T115,Office,20700.96,Q3
300895,T112,Travel,7175.46,Q2
300896,T114,Travel,15009.96,Q1
300897,T105,Office,3523.91,Q3
300898,T108,Software,29625.73,Q4
300899,T108,Travel,11504.2,Q2
300900,T102,Training,45542.77,Q3
300901,T117,Personnel,26274.05,Q4
300902,T114,Personnel,22329.32,Q2
300903,T107,Consulting,40225.18,Q1
300904,T110,Hardware,27006.49,Q2
300905,T106,Personnel,7332.78,Q1
300906,T111,Personnel,25696.92,Q4
300907,T113,Office,28062.71,Q2
300908,T111,Travel,33414.77,Q1
300909,T109,Personnel,9559.97,Q4
300910,T118,Personnel,30348.09,Q3
300911,T108,Training,30385.46,Q4
300912,T117,Training,11059.84,Q1
300913,T113,Consulting,20468.55,Q1
300914,T116,Training,22496.44,Q1
300915,T108,Hardware,22194.46,Q3
300916,T111,Travel,38719.72,Q1
300917,T119,Software,32826.97,Q2
300918,T117,Hardware,13998.07,Q1
300919,T113,Software,29935.24,Q4
300920,T113,Software,31842.83,Q1
300921,T104,Hardware,-3774.84,Q4
300922,T110,Travel,16197.96,Q1
300923,T118,Office,19229.07,Q2
300924,T115,Office,-3074.95,Q2
300925,T117,Travel,48333.62,Q3
300926,T118,Software,21390.68,Q1
300927,T111,Travel,24457.84,Q2
300928,T112,Travel,24595.35,Q2
300929,T104,Training,12672.79,Q4
300930,T118,Software,6307.95,Q3
300931,T114,Travel,3027.38,Q1
300932,T113,Personnel,49496.72,Q4
300933,T116,Hardware,12563.61,Q1
300934,T108,Travel,40959.0,Q1
300935,T104,Personnel,1233.79,Q4
300936,T102,Personnel,38554.74,Q2
300937,T115,Hardware,42573.74,Q4
300938,T118,Office,927.93,Q4
300939,T109,Hardware,48957.6,Q4
300940,T118,Personnel,1324.65,Q1
300941,T115,Personnel,43665.02,Q2
300942,T119,Personnel,32661.91,Q2
300943,T106,Personnel,7706.34,Q1
300944,T114,Software,8853.85,Q4
300945,T108,Software,509.4,Q3
300946,T105,Office,44929.06,Q2
300947,T111,Personnel,23171.62,Q2
300948,T114,Consulting,10556.71,Q1
300949,T118,Software,20058.73,Q4
300950,T113,Hardware,43166.94,Q2
300951,T108,Personnel,2917.09,Q2
300952,T108,Hardware,30012.96,Q4
300953,T116,Training,39163.51,Q3
300954,T116,Travel,28874.07,Q3
300955,T110,Training,42093.94,Q2
300956,T115,Software,40016.09,Q1
300957,T107,Software,27585.82,Q1
300958,T115,Training,30483.22,Q1
300959,T103,Travel,37331.36,Q3
300960,T114,Consulting,4927.54,Q2
300961,T109,Consulting,46992.17,Q3
300962,T119,Consulting,29038.48,Q2
300963,T117,Travel,16029.89,Q4
300964,T118,Office,45275.54,Q1
300965,T111,Travel,19882.51,Q3
300966,T118,Software,27438.92,Q4
300967,T106,Hardware,11563.08,Q4
300968,T118,Hardware,8273.81,Q1
300969,T110,Office,20403.58,Q3
300970,T114,Consulting,15012.26,Q3
300971,T107,Office,41177.48,Q2
300972,T101,Training,8952.91,Q1
300973,T112,Personnel,38429.54,Q1
300974,T115,Personnel,49207.18,Q1
300975,T101,Office,25263.71,Q3
300976,T119,Training,5723.5,Q1
300977,T106,Office,17510.95,Q3
300978,T104,Software,48374.44,Q1
300979,T113,Travel,30762.55,Q2
300980,T105,Office,39935.15,Q4
300981,T106,Travel,8644.31,Q3
300982,T111,Office,20908.39,Q3
300983,T102,Personnel,31833.48,Q1
300984,T107,Hardware,29366.73,Q1
300985,T109,Training,19732.21,Q4
300986,T103,Software,5169.89,Q3
300987,T106,Consulting,24396.44,Q2
300988,T105,Office,2037.03,Q3
300989,T114,Travel,24621.76,Q2
300990,T119,Travel,11403.29,Q3
300991,T112,Consulting,23710.62,Q3
300992,T102,Hardware,13737.48,Q4
300993,T102,Office,45102.03,Q2
300994,T107,Software,3403.93,Q1
300995,T110,Software,30148.22,Q1
300996,T108,Hardware,47441.2,Q1
300997,T106,Personnel,35339.39,Q4
300998,T103,Software,16332.73,Q3
300999,T112,Travel,14787.12,Q4
301000,T108,Software,35468.65,Q4
301001,T117,Training,18656.55,Q4
301002,T106,Software,34992.62,Q2
301003,T103,Personnel,-1374.46,Q2
301004,T116,Office,27162.8,Q2
301005,T116,Hardware,47302.08,Q3
301006,T103,Personnel,32349.24,Q2
301007,T113,Personnel,34063.1,Q2
301008,T102,Office,3494.6,Q1
301009,T116,Software,43170.87,Q2
301010,T102,Training,10213.7,Q3
301011,T114,Training,47936.94,Q2
301012,T113,Software,42793.8,Q3
301013,T114,Consulting,20118.7,Q2
301014,T119,Training,20231.38,Q4
301015,T105,Software,12206.54,Q3
301016,T103,Personnel,40204.05,Q2
301017,T118,Training,46835.23,Q4
301018,T118,Consulting,24969.12,Q2
301019,T103,Travel,21051.69,Q3
301020,T117,Consulting,35010.33,Q2
301021,T103,Personnel,1948.89,Q4
301022,T116,Personnel,36425.14,Q2
301023,T107,Travel,27845.45,Q2
301024,T106,Software,41236.33,Q2
301025,T109,Consulting,22091.89,Q2
301026,T115,Travel,31655.9,Q1
301027,T109,Office,41453.8,Q2
301028,T110,Software,15894.99,Q2
301029,T103,Hardware,-2547.89,Q2
301030,T102,Office,-224.15,Q3
301031,T110,Consulting,18424.52,Q2
301032,T113,Office,9255.82,Q3
301033,T116,Hardware,10590.0,Q2
301034,T111,Travel,36464.81,Q4
301035,T118,Travel,8517.27,Q1
301036,T118,Software,39856.67,Q1
301037,T110,Office,19942.97,Q3
301038,T107,Personnel,17721.86,Q1
301039,T106,Consulting,32815.85,Q4
301040,T106,Hardware,10597.05,Q4
301041,T116,Travel,30680.61,Q1
301042,T106,Consulting,-3535.85,Q3
301043,T108,Training,29866.89,Q2
301044,T114,Software,9748.3,Q2
301045,T111,Personnel,10644.74,Q1
301046,T105,Software,37447.87,Q4
301047,T105,Training,36156.55,Q4
301048,T109,Personnel,29784.65,Q1
301049,T107,Travel,6638.38,Q4
301050,T115,Hardware,34876.04,Q1
301051,T118,Consulting,36518.49,Q4
301052,T103,Training,6516.3,Q1
301053,T113,Travel,46962.83,Q2
301054,T117,Hardware,21240.4,Q4
301055,T118,Personnel,2248.73,Q1
301056,T118,Training,5776.22,Q1
301057,T102,Travel,44448.3,Q3
301058,T101,Travel,40667.38,Q2
301059,T112,Hardware,25953.94,Q3
301060,T110,Software,19956.82,Q4
301061,T103,Hardware,26136.34,Q4
301062,T109,Consulting,20370.36,Q3
301063,T108,Consulting,24543.02,Q3
301064,T110,Personnel,28706.26,Q3
301065,T119,Office,48147.35,Q4
301066,T112,Office,14293.94,Q4
301067,T112,Personnel,19065.66,Q1
301068,T112,Consulting,28974.7,Q3
301069,T104,Hardware,13190.21,Q3
301070,T106,Training,36508.36,Q3
301071,T115,Hardware,12557.16,Q3
301072,T103,Training,8348.53,Q3
301073,T119,Training,31302.89,Q2
301074,T104,Training,24520.86,Q3
301075,T105,Hardware,25072.84,Q1
301076,T117,Software,29158.54,Q3
301077,T116,Office,27089.62,Q4
301078,T102,Training,49244.67,Q3
301079,T117,Hardware,17579.29,Q4
301080,T118,Travel,44033.69,Q1
301081,T111,Office,44960.14,Q1
301082,T107,Office,41230.41,Q3
301083,T109,Consulting,49392.85,Q2
301084,T113,Personnel,4126.41,Q1
301085,T105,Personnel,39319.98,Q3
301086,T101,Personnel,15003.66,Q1
301087,T105,Travel,33952.23,Q2
301088,T108,Consulting,3070.88,Q1
301089,T116,Consulting,4979.77,Q3
301090,T116,Software,2402.98,Q2
301091,T104,Personnel,39314.64,Q2
301092,T119,Office,37907.19,Q2
301093,T105,Office,5020.24,Q1
301094,T109,Travel,33195.41,Q4
301095,T103,Office,43626.49,Q2
301096,T108,Software,4871.45,Q2
301097,T114,Training,30920.74,Q1
301098,T116,Office,45473.88,Q4
301099,T104,Software,24054.23,Q2
301100,T101,Hardware,45359.64,Q4
301101,T112,Training,12447.62,Q3
301102,T119,Training,28694.61,Q1
301103,T113,Office,28342.39,Q1
301104,T106,Training,31433.95,Q4
301105,T101,Consulting,44593.17,Q3
301106,T108,Travel,-510.35,Q2
301107,T109,Personnel,14257.85,Q4
301108,T111,Hardware,1523.22,Q4
301109,T106,Consulting,37959.65,Q4
301110,T117,Travel,16126.44,Q1
301111,T103,Travel,30315.35,Q2
301112,T112,Office,8658.53,Q4
301113,T104,Travel,962.36,Q4
301114,T103,Hardware,47867.72,Q3
301115,T103,Travel,31976.43,Q2
301116,T105,Hardware,20203.45,Q2
301117,T102,Office,7685.49,Q3
301118,T111,Software,31924.12,Q2
301119,T106,Personnel,5004.37,Q3
301120,T111,Consulting,22253.32,Q4
301121,T116,Personnel,23716.49,Q3
301122,T116,Software,13298.84,Q4
301123,T115,Consulting,48342.05,Q1
301124,T101,Travel,44853.16,Q1
301125,T112,Software,41186.28,Q4
301126,T106,Consulting,-4850.09,Q4
301127,T108,Office,10902.21,Q4
301128,T107,Software,34768.39,Q1
301129,T119,Software,27051.77,Q1
301130,T103,Training,2588.63,Q2
301131,T102,Software,35089.0,Q2
301132,T101,Training,9298.61,Q2
301133,T115,Travel,45849.95,Q2
301134,T105,Personnel,22115.7,Q1
301135,T113,Hardware,2557.95,Q4
301136,T114,Consulting,39273.07,Q1
301137,T108,Training,1434.99,Q4
301138,T114,Software,31138.3,Q3
301139,T115,Consulting,23368.14,Q4
301140,T115,Software,48241.68,Q3
301141,T101,Consulting,39052.53,Q2
301142,T104,Travel,1008.82,Q3
301143,T103,Hardware,-763.46,Q2
301144,T114,Office,23737.12,Q2
301145,T101,Office,47576.0,Q3
301146,T112,Consulting,43291.52,Q4
301147,T107,Travel,43739.78,Q4
301148,T104,Consulting,35543.06,Q2
301149,T108,Travel,35250.87,Q2
301150,T113,Office,34741.77,Q3
301151,T109,Training,9097.96,Q3
301152,T109,Consulting,-1414.77,Q4
301153,T113,Training,8488.87,Q1
301154,T101,Training,6692.85,Q3
301155,T102,Training,10117.21,Q1
301156,T104,Personnel,12518.74,Q3
301157,T115,Travel,46965.28,Q3
301158,T102,Travel,4200.4,Q2
301159,T109,Training,13241.72,Q1
301160,T118,Travel,39912.4,Q1
301161,T110,Travel,13010.15,Q4
301162,T104,Software,41507.35,Q1
301163,T109,Office,-2196.48,Q4
301164,T116,Training,11016.28,Q3
301165,T119,Consulting,42490.25,Q4
301166,T117,Software,23387.25,Q3
301167,T115,Office,29362.1,Q1
301168,T106,Training,35294.07,Q4
301169,T111,Software,31424.16,Q3
301170,T105,Travel,19555.82,Q3
301171,T107,Consulting,26286.08,Q2
301172,T105,Travel,17926.71,Q1
301173,T104,Training,2150.19,Q4
301174,T110,Office,6424.83,Q4
301175,T106,Office,-4572.63,Q1
301176,T103,Travel,9285.4,Q3
301177,T116,Office,47237.94,Q3
301178,T113,Hardware,3494.48,Q3
301179,T111,Consulting,49161.15,Q2
301180,T106,Office,22107.31,Q3
301181,T118,Office,34374.89,Q2
301182,T104,Office,7762.2,Q1
301183,T112,Travel,-1873.98,Q1
301184,T117,Consulting,11187.68,Q4
301185,T118,Personnel,4551.55,Q1
301186,T118,Office,6333.62,Q1
301187,T112,Travel,13846.61,Q1
301188,T116,Personnel,27160.65,Q2
301189,T112,Software,49952.93,Q1
301190,T117,Software,46605.11,Q2
301191,T102,Travel,42937.26,Q3
301192,T113,Consulting,1834.48,Q2
301193,T115,Personnel,26039.65,Q3
301194,T101,Training,9625.34,Q3
301195,T105,Hardware,46602.8,Q1
301196,T101,Office,46384.08,Q2
301197,T111,Personnel,21345.0,Q2
301198,T108,Software,25793.5,Q3
301199,T118,Office,35634.42,Q1
301200,T112,Personnel,48987.66,Q3
301201,T113,Office,4261.26,Q1
301202,T113,Hardware,7023.87,Q1
301203,T112,Travel,-3291.99,Q1
301204,T119,Office,39529.49,Q4
301205,T119,Personnel,13527.48,Q1
301206,T109,Office,49973.56,Q2
301207,T112,Office,20924.68,Q4
301208,T117,Office,36561.85,Q2
301209,T118,Travel,-3882.25,Q1
301210,T119,Training,49224.73,Q4
301211,T101,Hardware,14187.55,Q3
301212,T110,Consulting,5857.44,Q3
301213,T105,Travel,38590.86,Q1
301214,T101,Hardware,48784.96,Q4
301215,T104,Consulting,38543.32,Q3
301216,T106,Software,22655.23,Q2
301217,T102,Consulting,24297.28,Q2
301218,T103,Consulting,17077.84,Q2
301219,T107,Hardware,27219.49,Q3
301220,T103,Hardware,39937.44,Q3
301221,T115,Hardware,5555.47,Q2
301222,T114,Personnel,7288.86,Q4
301223,T114,Office,-3827.08,Q4
301224,T112,Office,3524.88,Q2
301225,T117,Consulting,45353.84,Q3
301226,T117,Consulting,1633.03,Q3
301227,T109,Hardware,41156.14,Q2
301228,T109,Hardware,3626.88,Q2
301229,T108,Travel,44776.95,Q4
301230,T104,Office,6529.2,Q1
301231,T115,Travel,30637.34,Q4
301232,T110,Office,25643.55,Q2
301233,T113,Office,28521.02,Q1
301234,T112,Hardware,30991.38,Q2
301235,T101,Training,42436.02,Q4
301236,T110,Consulting,41788.16,Q1
301237,T108,Hardware,13943.5,Q3
301238,T119,Training,31512.9,Q1
301239,T106,Personnel,20264.04,Q1
301240,T113,Consulting,35304.86,Q4
301241,T104,Personnel,48539.06,Q3
301242,T102,Consulting,47836.06,Q1
301243,T106,Personnel,4966.7,Q1
301244,T113,Consulting,16786.05,Q4
301245,T106,Software,29746.23,Q2
301246,T103,Software,47287.21,Q2
301247,T104,Travel,45254.44,Q1
301248,T109,Personnel,22711.03,Q2
301249,T107,Consulting,4011.86,Q3
301250,T117,Hardware,516.2,Q4
301251,T109,Software,43075.78,Q1
301252,T104,Hardware,30786.12,Q3
301253,T102,Travel,36409.28,Q3
301254,T110,Office,35014.14,Q1
301255,T110,Office,14713.91,Q4
301256,T110,Training,18194.52,Q4
301257,T119,Office,31901.67,Q4
301258,T105,Personnel,-4810.63,Q4
301259,T105,Consulting,46497.71,Q2
301260,T102,Hardware,38890.02,Q4
301261,T111,Software,21495.65,Q2
301262,T101,Hardware,23576.49,Q4
301263,T118,Consulting,16217.09,Q4
301264,T104,Office,19640.07,Q4
301265,T105,Travel,18759.08,Q1
301266,T114,Hardware,8672.25,Q2
301267,T104,Office,21858.28,Q1
301268,T108,Software,19936.87,Q2
301269,T108,Software,3820.25,Q4
301270,T114,Personnel,42950.58,Q3
301271,T117,Hardware,13425.07,Q1
301272,T106,Travel,43559.52,Q1
301273,T102,Travel,-1801.65,Q3
301274,T110,Personnel,41111.6,Q2
301275,T114,Hardware,5714.01,Q1
301276,T118,Software,14946.64,Q4
301277,T104,Travel,8326.22,Q2
301278,T107,Office,13323.67,Q4
301279,T117,Hardware,8644.0,Q4
301280,T101,Training,731.98,Q3
301281,T107,Consulting,48135.61,Q2
301282,T101,Hardware,10687.76,Q1
301283,T118,Hardware,15559.47,Q4
301284,T110,Office,46507.13,Q3
301285,T118,Consulting,45852.11,Q1
301286,T117,Office,39560.58,Q1
301287,T111,Software,-2114.31,Q3
301288,T113,Consulting,29450.94,Q1
301289,T106,Personnel,32589.78,Q3
301290,T103,Office,43598.79,Q1
301291,T102,Hardware,26804.17,Q3
301292,T103,Consulting,-4806.07,Q4
301293,T112,Hardware,10098.24,Q1
301294,T111,Consulting,1871.36,Q1
301295,T114,Training,38957.71,Q4
301296,T103,Software,47216.33,Q4
301297,T101,Training,40269.96,Q4
301298,T106,Consulting,31207.62,Q2
301299,T115,Hardware,20097.66,Q3
301300,T118,Training,6674.99,Q4
301301,T102,Personnel,2309.8,Q3
301302,T101,Hardware,23122.82,Q1
301303,T119,Personnel,22054.65,Q2
301304,T104,Travel,24405.89,Q1
301305,T106,Personnel,18382.43,Q4
301306,T102,Travel,32790.58,Q2
301307,T101,Consulting,4194.62,Q4
301308,T119,Training,10835.0,Q3
301309,T105,Training,2288.78,Q4
301310,T113,Training,17882.68,Q4
301311,T102,Software,30769.09,Q2
301312,T114,Training,44373.07,Q2
301313,T101,Office,40954.64,Q3
301314,T102,Software,5945.69,Q4
301315,T114,Training,11869.92,Q3
301316,T117,Personnel,22333.89,Q4
301317,T118,Hardware,729.73,Q1
301318,T116,Consulting,45759.23,Q1
301319,T107,Training,37427.86,Q2
301320,T115,Personnel,48525.91,Q1
301321,T104,Hardware,45687.93,Q3
301322,T109,Consulting,35830.71,Q1
301323,T110,Training,40494.63,Q2
301324,T110,Travel,31571.12,Q1
301325,T101,Training,25642.31,Q4
301326,T113,Personnel,37014.04,Q1
301327,T114,Software,14606.92,Q3
301328,T104,Training,36769.08,Q4
301329,T109,Office,5063.99,Q3
301330,T106,Hardware,41557.46,Q3
301331,T113,Consulting,7413.73,Q4
301332,T103,Personnel,17513.95,Q3
301333,T110,Consulting,31738.45,Q4
301334,T116,Consulting,-203.06,Q2
301335,T106,Travel,33245.38,Q2
301336,T119,Personnel,18645.01,Q4
301337,T104,Hardware,9194.96,Q1
301338,T110,Hardware,13710.36,Q3
301339,T111,Travel,27525.48,Q4
301340,T103,Consulting,20622.18,Q1
301341,T113,Travel,22109.73,Q3
301342,T107,Consulting,30488.2,Q1
301343,T119,Hardware,25484.93,Q3
301344,T114,Hardware,6212.19,Q1
301345,T103,Training,5226.27,Q3
301346,T113,Travel,24097.36,Q4
301347,T119,Personnel,30755.54,Q4
301348,T115,Travel,18897.46,Q4
301349,T102,Hardware,39065.54,Q2
301350,T117,Office,42127.6,Q2
301351,T110,Software,30354.01,Q4
301352,T111,Travel,41127.78,Q4
301353,T112,Consulting,27607.28,Q2
301354,T103,Office,19835.59,Q1
301355,T101,Personnel,3572.94,Q3
301356,T111,Training,49628.57,Q1
301357,T114,Consulting,5335.04,Q1
301358,T113,Consulting,18338.24,Q4
301359,T105,Consulting,17383.77,Q2
301360,T115,Consulting,-4985.54,Q4
301361,T106,Personnel,2805.35,Q1
301362,T109,Office,21516.3,Q1
301363,T119,Office,7824.61,Q1
301364,T111,Software,38494.08,Q3
301365,T110,Office,5893.87,Q4
301366,T104,Hardware,23831.36,Q1
301367,T109,Travel,12638.88,Q4
301368,T113,Training,9608.01,Q2
301369,T117,Software,15783.15,Q4
301370,T105,Travel,33289.12,Q1
301371,T101,Travel,-1192.7,Q2
301372,T119,Travel,43376.69,Q4
301373,T107,Training,42179.08,Q4
301374,T107,Consulting,23312.81,Q2
301375,T111,Software,1091.0,Q4
301376,T114,Travel,15013.47,Q3
301377,T102,Consulting,15821.27,Q2
301378,T112,Consulting,40725.13,Q2
301379,T108,Consulting,41916.17,Q2
301380,T106,Travel,40775.48,Q3
301381,T119,Personnel,27948.87,Q2
301382,T102,Consulting,48973.23,Q2
301383,T106,Hardware,2057.61,Q4
301384,T114,Hardware,31781.93,Q4
301385,T104,Travel,49580.07,Q1
301386,T109,Training,25720.01,Q4
301387,T119,Software,20161.22,Q1
301388,T117,Consulting,16148.11,Q3
301389,T111,Office,40049.92,Q1
301390,T103,Hardware,31107.82,Q4
301391,T117,Hardware,8865.8,Q2
301392,T107,Hardware,1515.23,Q2
301393,T113,Consulting,1273.06,Q4
301394,T111,Software,1652.16,Q4
301395,T115,Consulting,34726.09,Q3
301396,T108,Software,13774.97,Q2
301397,T106,Office,36007.72,Q4
301398,T102,Software,24977.85,Q4
301399,T109,Office,29192.68,Q4
301400,T110,Office,23485.32,Q4
301401,T104,Hardware,4274.94,Q1
301402,T114,Consulting,37393.37,Q3
301403,T111,Software,47771.46,Q4
301404,T111,Hardware,29857.42,Q3
301405,T107,Hardware,11865.13,Q2
301406,T113,Software,5312.08,Q3
301407,T106,Office,36064.87,Q4
301408,T104,Personnel,39778.45,Q4
301409,T104,Consulting,38293.28,Q3
301410,T102,Consulting,37158.37,Q1
301411,T119,Training,14288.34,Q2
301412,T119,Software,38650.81,Q3
301413,T112,Training,14430.48,Q4
301414,T108,Personnel,37420.54,Q3
301415,T103,Software,24068.93,Q2
301416,T109,Travel,29856.82,Q4
301417,T112,Office,34274.08,Q1
301418,T112,Training,40051.41,Q1
301419,T108,Hardware,21795.58,Q3
301420,T119,Personnel,29361.31,Q4
301421,T114,Travel,17155.06,Q1
301422,T119,Hardware,7192.95,Q1
301423,T109,Personnel,20402.56,Q3
301424,T104,Software,3670.92,Q2
301425,T107,Personnel,4250.93,Q1
301426,T108,Hardware,37070.36,Q1
301427,T102,Training,33085.64,Q2
301428,T116,Office,34215.11,Q4
301429,T106,Office,19150.11,Q3
301430,T117,Personnel,32557.92,Q2
301431,T109,Hardware,15441.76,Q4
301432,T116,Personnel,44977.7,Q3
301433,T111,Hardware,38958.11,Q2
301434,T103,Consulting,5916.88,Q1
301435,T110,Software,5533.15,Q4
301436,T119,Consulting,18143.91,Q3
301437,T116,Personnel,20900.22,Q1
301438,T108,Software,15793.86,Q4
301439,T106,Personnel,36646.23,Q2
301440,T101,Training,34343.34,Q3
301441,T107,Hardware,3598.47,Q4
301442,T106,Personnel,34517.14,Q4
301443,T107,Consulting,24803.24,Q1
301444,T114,Hardware,3276.43,Q2
301445,T112,Consulting,30526.13,Q3
301446,T112,Office,26761.58,Q2
301447,T117,Hardware,14929.31,Q3
301448,T103,Personnel,8436.14,Q2
301449,T116,Software,40367.31,Q2
301450,T117,Training,20464.81,Q3
301451,T112,Personnel,7028.62,Q3
301452,T112,Training,2460.44,Q1
301453,T111,Consulting,38875.83,Q2
301454,T119,Personnel,13469.66,Q3
301455,T112,Travel,22199.07,Q3
301456,T102,Hardware,44919.71,Q2
301457,T104,Office,47243.14,Q4
301458,T109,Personnel,24192.67,Q1
301459,T109,Consulting,25998.97,Q4
301460,T117,Training,30624.63,Q1
301461,T110,Travel,47937.0,Q3
301462,T116,Personnel,38499.34,Q3
301463,T119,Travel,25409.18,Q4
301464,T108,Consulting,35699.33,Q1
301465,T115,Hardware,-3960.33,Q4
301466,T102,Consulting,35356.1,Q4
301467,T108,Personnel,19107.41,Q4
301468,T112,Hardware,22702.12,Q3
301469,T112,Personnel,9563.46,Q2
301470,T109,Software,28791.16,Q1
301471,T103,Hardware,596.41,Q2
301472,T108,Training,23670.77,Q4
301473,T113,Office,15016.74,Q4
301474,T106,Personnel,43167.58,Q1
301475,T111,Office,49535.28,Q3
301476,T104,Travel,10572.52,Q3
301477,T107,Consulting,17253.94,Q1
301478,T117,Personnel,35175.15,Q4
301479,T103,Software,2651.05,Q4
301480,T106,Personnel,46277.44,Q3
301481,T102,Consulting,11722.47,Q2
301482,T115,Training,28387.63,Q1
301483,T105,Office,35255.55,Q3
301484,T103,Office,41381.89,Q3
301485,T114,Hardware,33168.73,Q4
301486,T110,Personnel,-2999.92,Q2
301487,T103,Hardware,10912.23,Q2
301488,T118,Travel,8846.88,Q4
301489,T110,Training,46596.31,Q4
301490,T108,Hardware,40153.17,Q2
301491,T115,Office,48155.65,Q2
301492,T113,Consulting,17322.69,Q1
301493,T119,Consulting,40064.44,Q3
301494,T112,Hardware,43692.21,Q1
301495,T103,Personnel,32964.97,Q1
301496,T119,Training,26319.1,Q1
301497,T116,Personnel,38055.86,Q1
301498,T108,Travel,31952.71,Q3
301499,T113,Training,-3833.47,Q1
301500,T117,Training,16802.96,Q2
301501,T108,Travel,33755.46,Q4
301502,T110,Training,-234.4,Q4
301503,T112,Training,30271.25,Q1
301504,T101,Software,13025.65,Q4
301505,T106,Office,3553.33,Q1
301506,T119,Consulting,29132.85,Q1
301507,T106,Training,43209.14,Q2
301508,T110,Training,44813.99,Q1
301509,T115,Office,46576.3,Q4
301510,T101,Software,44019.55,Q1
301511,T115,Office,12123.9,Q1
301512,T112,Travel,11532.46,Q4
301513,T108,Travel,10661.79,Q2
301514,T103,Consulting,2707.52,Q3
301515,T110,Training,32080.04,Q4
301516,T102,Software,25233.05,Q2
301517,T119,Consulting,47731.23,Q2
301518,T101,Hardware,37625.9,Q4
301519,T114,Hardware,16984.08,Q3
301520,T113,Training,-3800.24,Q1
301521,T113,Software,17538.48,Q3
301522,T115,Personnel,10368.54,Q2
301523,T118,Consulting,35144.89,Q3
301524,T117,Consulting,10572.5,Q4
301525,T103,Travel,36706.42,Q3
301526,T108,Consulting,42692.52,Q3
301527,T105,Hardware,39913.09,Q1
301528,T103,Travel,2870.86,Q1
301529,T110,Consulting,39442.77,Q3
301530,T115,Training,-2421.65,Q2
301531,T109,Training,32400.42,Q3
301532,T106,Travel,10489.72,Q2
301533,T113,Training,30910.43,Q1
301534,T119,Office,24682.01,Q2
301535,T102,Hardware,30123.61,Q2
301536,T116,Personnel,44409.73,Q2
301537,T101,Training,42896.57,Q3
301538,T118,Travel,36622.89,Q2
301539,T105,Training,47869.31,Q1
301540,T108,Hardware,19181.74,Q4
301541,T104,Hardware,28759.95,Q3
301542,T108,Consulting,37491.32,Q1
301543,T110,Office,40083.4,Q4
301544,T104,Consulting,36278.56,Q2
301545,T115,Travel,37302.13,Q1
301546,T117,Hardware,18171.28,Q2
301547,T116,Training,32844.8,Q3
301548,T105,Personnel,-2081.22,Q1
301549,T103,Travel,44028.55,Q4
301550,T112,Training,48176.54,Q1
301551,T114,Consulting,36868.22,Q2
301552,T101,Travel,25203.55,Q1
301553,T104,Consulting,32108.38,Q1
301554,T110,Personnel,32245.52,Q4
301555,T119,Consulting,25616.95,Q4
301556,T114,Office,19061.67,Q3
301557,T116,Travel,-4083.95,Q1
301558,T118,Personnel,4416.23,Q2
301559,T109,Consulting,37950.07,Q4
301560,T102,Hardware,33352.41,Q3
301561,T116,Hardware,12743.46,Q1
301562,T119,Training,23739.98,Q1
301563,T109,Travel,32855.55,Q1
301564,T114,Consulting,26880.86,Q1
301565,T112,Hardware,9472.31,Q1
301566,T107,Office,28051.99,Q2
301567,T104,Consulting,34136.53,Q2
301568,T117,Office,5308.33,Q1
301569,T101,Software,35116.39,Q1
301570,T117,Hardware,35658.5,Q2
301571,T113,Travel,30578.94,Q4
301572,T109,Travel,41937.86,Q1
301573,T117,Consulting,40604.15,Q4
301574,T109,Travel,42142.82,Q2
301575,T113,Personnel,7231.6,Q1
301576,T111,Training,15348.1,Q1
301577,T108,Consulting,49030.78,Q3
301578,T112,Personnel,30946.52,Q2
301579,T103,Personnel,941.97,Q4
301580,T112,Hardware,15583.63,Q2
301581,T113,Travel,-550.42,Q1
301582,T102,Travel,45756.83,Q1
301583,T113,Consulting,37324.16,Q3
301584,T109,Travel,25403.24,Q2
301585,T118,Personnel,-645.27,Q1
301586,T107,Personnel,45776.15,Q2
301587,T102,Office,35643.52,Q3
301588,T119,Consulting,-2348.96,Q2
301589,T105,Personnel,34880.49,Q2
301590,T105,Hardware,32845.76,Q1
301591,T114,Travel,28169.86,Q2
301592,T119,Software,43837.46,Q3
301593,T104,Consulting,42645.82,Q2
301594,T116,Software,27688.95,Q4
301595,T103,Personnel,25317.54,Q1
301596,T103,Office,19718.59,Q4
301597,T115,Travel,10167.54,Q3
301598,T115,Software,48200.07,Q1
301599,T103,Personnel,7366.36,Q3
301600,T109,Consulting,18657.54,Q4
301601,T118,Software,6165.98,Q2
301602,T111,Software,3688.99,Q1
301603,T118,Consulting,48559.22,Q2
301604,T107,Training,16101.22,Q3
301605,T102,Personnel,13306.78,Q2
301606,T114,Training,12513.73,Q2
301607,T108,Office,44138.62,Q3
301608,T113,Training,14688.41,Q3
301609,T108,Hardware,36538.4,Q3
301610,T117,Travel,3301.3,Q3
301611,T119,Travel,42234.78,Q4
301612,T117,Office,5888.4,Q2
301613,T117,Training,31919.5,Q4
301614,T109,Office,17851.9,Q3
301615,T104,Software,6038.21,Q4
301616,T118,Hardware,37650.27,Q3
301617,T106,Hardware,15627.03,Q2
301618,T111,Travel,15009.87,Q3
301619,T103,Office,15070.09,Q2
301620,T111,Software,48022.51,Q1
301621,T114,Training,15415.16,Q3
301622,T117,Personnel,27269.8,Q4
301623,T116,Personnel,-766.07,Q4
301624,T115,Consulting,25473.17,Q4
301625,T102,Hardware,22945.89,Q3
301626,T105,Personnel,6046.62,Q2
301627,T107,Software,24504.6,Q1
301628,T101,Training,43614.44,Q2
301629,T104,Software,11233.39,Q2
301630,T106,Training,44841.89,Q1
301631,T103,Travel,41811.59,Q1
301632,T108,Travel,12408.68,Q1
301633,T102,Office,20035.91,Q3
301634,T114,Personnel,38999.59,Q3
301635,T114,Office,20434.4,Q4
301636,T107,Office,44507.31,Q3
301637,T104,Consulting,34912.28,Q2
301638,T111,Training,17231.77,Q3
301639,T113,Consulting,32156.55,Q1
301640,T118,Office,45205.48,Q2
301641,T102,Hardware,-2013.09,Q1
301642,T118,Hardware,8376.94,Q1
301643,T102,Consulting,6499.44,Q4
301644,T104,Hardware,38768.38,Q1
301645,T116,Travel,49292.77,Q3
301646,T113,Office,2253.74,Q4
301647,T107,Personnel,18660.73,Q4
301648,T106,Software,37201.84,Q3
301649,T114,Hardware,37692.48,Q2
301650,T112,Consulting,555.72,Q4
301651,T113,Office,8085.29,Q4
301652,T102,Training,48003.42,Q1
301653,T105,Consulting,48309.06,Q1
301654,T103,Personnel,38645.39,Q3
301655,T109,Consulting,-3114.26,Q3
301656,T104,Hardware,42526.33,Q1
301657,T112,Hardware,45036.76,Q3
301658,T102,Personnel,1797.44,Q1
301659,T118,Software,24340.87,Q4
301660,T101,Personnel,13619.77,Q1
301661,T108,Consulting,24406.49,Q1
301662,T114,Consulting,19541.8,Q3
301663,T119,Training,-1505.41,Q3
301664,T103,Personnel,41277.82,Q3
301665,T115,Personnel,27648.16,Q4
301666,T113,Consulting,21851.02,Q1
301667,T101,Software,14217.37,Q1
301668,T102,Personnel,27221.64,Q1
301669,T112,Training,9464.32,Q2
301670,T106,Software,41554.98,Q2
301671,T113,Personnel,10266.62,Q4
301672,T114,Hardware,44424.46,Q1
301673,T114,Personnel,-2161.55,Q3
301674,T114,Travel,22070.31,Q1
301675,T111,Training,-2250.52,Q2
301676,T108,Training,-1946.93,Q1
301677,T103,Consulting,18789.03,Q1
301678,T116,Personnel,28760.49,Q2
301679,T113,Software,5226.67,Q4
301680,T111,Hardware,48433.48,Q4
301681,T103,Travel,28555.69,Q2
301682,T115,Hardware,-687.44,Q4
301683,T116,Software,43689.23,Q1
301684,T106,Travel,-2438.21,Q3
301685,T104,Consulting,46689.89,Q1
301686,T104,Software,2266.0,Q1
301687,T118,Personnel,16695.41,Q1
301688,T104,Training,6537.45,Q2
301689,T119,Hardware,7515.96,Q3
301690,T116,Consulting,45226.31,Q2
301691,T110,Consulting,29088.98,Q1
301692,T111,Office,20273.82,Q1
301693,T103,Personnel,44481.43,Q3
301694,T105,Software,45566.7,Q1
301695,T114,Office,4887.14,Q4
301696,T117,Consulting,12179.07,Q3
301697,T104,Personnel,4863.09,Q2
301698,T117,Hardware,25867.5,Q1
301699,T108,Personnel,27667.54,Q1
301700,T104,Travel,5589.07,Q3
301701,T103,Consulting,35516.47,Q4
301702,T111,Office,28738.22,Q3
301703,T102,Consulting,39479.98,Q1
301704,T119,Software,44972.91,Q1
301705,T102,Personnel,32225.88,Q4
301706,T114,Personnel,6623.5,Q2
301707,T109,Personnel,8912.94,Q3
301708,T111,Training,44182.73,Q4
301709,T112,Travel,32081.09,Q4
301710,T111,Consulting,42021.81,Q1
301711,T119,Travel,32920.8,Q4
301712,T107,Office,46928.95,Q2
301713,T107,Hardware,7504.49,Q2
301714,T119,Software,26880.16,Q3
301715,T102,Travel,30959.98,Q2
301716,T102,Travel,2361.33,Q3
301717,T115,Training,20852.02,Q1
301718,T106,Software,33077.25,Q4
301719,T119,Consulting,-4341.4,Q4
301720,T103,Travel,16918.0,Q3
301721,T116,Personnel,28719.15,Q1
301722,T112,Consulting,19280.2,Q4
301723,T108,Office,3480.91,Q2
301724,T104,Training,27109.31,Q2
301725,T118,Software,26184.9,Q3
301726,T107,Software,22845.68,Q3
301727,T104,Office,24967.54,Q4
301728,T118,Consulting,1686.63,Q2
301729,T118,Travel,11505.82,Q2
301730,T109,Consulting,24061.76,Q3
301731,T113,Office,26924.76,Q4
301732,T114,Personnel,26291.3,Q3
301733,T119,Software,4407.88,Q3
301734,T114,Hardware,38457.67,Q2
301735,T103,Travel,41550.94,Q2
301736,T112,Hardware,25849.85,Q3
301737,T102,Office,21004.1,Q2
301738,T117,Hardware,34634.46,Q2
301739,T105,Hardware,9582.75,Q2
301740,T102,Consulting,42238.78,Q1
301741,T109,Personnel,2075.34,Q1
301742,T106,Software,38028.95,Q3
301743,T119,Hardware,30538.23,Q2
301744,T102,Office,15968.53,Q1
301745,T103,Travel,-1653.23,Q3
301746,T109,Consulting,37784.91,Q3
301747,T104,Training,13065.39,Q2
301748,T107,Personnel,9852.81,Q2
301749,T109,Hardware,28627.05,Q1
301750,T104,Travel,29334.53,Q3
301751,T104,Training,7944.17,Q4
301752,T102,Training,28747.12,Q3
301753,T102,Consulting,-3127.14,Q1
301754,T114,Office,49195.28,Q2
301755,T102,Training,39588.09,Q3
301756,T109,Training,2251.46,Q1
301757,T107,Personnel,21141.16,Q4
301758,T106,Travel,49781.29,Q4
301759,T111,Office,3444.36,Q4
301760,T115,Office,18791.17,Q1
301761,T105,Hardware,21915.92,Q4
301762,T109,Personnel,5809.8,Q3
301763,T116,Software,34574.32,Q3
301764,T113,Hardware,34548.54,Q2
301765,T106,Training,14679.08,Q3
301766,T104,Office,17644.04,Q2
301767,T104,Consulting,38472.1,Q4
301768,T102,Personnel,39798.08,Q3
301769,T101,Software,43237.51,Q3
301770,T112,Training,18510.63,Q4
301771,T114,Personnel,27187.71,Q2
301772,T118,Training,15713.9,Q2
301773,T102,Consulting,38339.47,Q3
301774,T111,Hardware,13736.64,Q4
301775,T102,Training,13214.33,Q4
301776,T103,Consulting,17187.25,Q3
301777,T116,Hardware,45773.73,Q2
301778,T112,Consulting,22760.3,Q1
301779,T101,Software,23804.48,Q1
301780,T109,Office,42963.09,Q4
301781,T102,Office,28525.62,Q4
301782,T102,Office,27063.25,Q1
301783,T108,Office,10309.36,Q1
301784,T101,Training,23826.03,Q4
301785,T102,Personnel,13238.55,Q1
301786,T114,Training,17146.52,Q4
301787,T102,Software,19777.64,Q1
301788,T116,Consulting,6023.42,Q2
301789,T108,Consulting,37322.63,Q4
301790,T106,Hardware,20899.27,Q4
301791,T106,Consulting,1968.36,Q1
301792,T110,Travel,43845.99,Q4
301793,T108,Training,46620.48,Q2
301794,T105,Software,27120.42,Q1
301795,T104,Office,22250.09,Q1
301796,T104,Hardware,6157.43,Q4
301797,T112,Training,48184.3,Q3
301798,T108,Training,15914.7,Q2
301799,T114,Training,18493.24,Q4
301800,T119,Personnel,47856.4,Q3
301801,T101,Hardware,32908.13,Q3
301802,T108,Personnel,-1031.93,Q3
301803,T113,Training,29131.27,Q1
301804,T103,Consulting,35573.61,Q2
301805,T114,Consulting,20202.26,Q4
301806,T111,Software,41429.33,Q3
301807,T116,Personnel,7994.95,Q1
301808,T117,Training,25523.89,Q2
301809,T119,Training,16630.17,Q1
301810,T111,Hardware,13504.31,Q2
301811,T114,Hardware,14679.11,Q4
301812,T118,Travel,13363.5,Q4
301813,T117,Training,28248.35,Q1
301814,T102,Office,-1181.19,Q1
301815,T117,Consulting,44742.02,Q2
301816,T114,Office,12909.31,Q3
301817,T109,Hardware,16150.68,Q3
301818,T111,Software,30174.09,Q3
301819,T106,Hardware,-2034.46,Q1
301820,T105,Training,5141.6,Q3
301821,T113,Office,24718.12,Q1
301822,T106,Travel,26561.37,Q4
301823,T113,Training,12050.4,Q4
301824,T101,Office,2353.19,Q4
301825,T112,Personnel,-3740.03,Q2
301826,T109,Software,28468.36,Q3
301827,T110,Travel,5217.13,Q3
301828,T101,Travel,33574.27,Q2
301829,T113,Office,3579.35,Q2
301830,T104,Hardware,40537.63,Q4
301831,T104,Office,28569.25,Q1
301832,T110,Personnel,39875.93,Q3
301833,T101,Software,42343.06,Q4
301834,T101,Consulting,32607.04,Q4
301835,T118,Software,26279.8,Q2
301836,T115,Travel,44324.0,Q3
301837,T106,Personnel,-4391.03,Q1
301838,T104,Travel,18869.76,Q4
301839,T108,Training,12701.67,Q2
301840,T108,Consulting,3394.31,Q3
301841,T115,Software,46506.52,Q3
301842,T119,Office,5938.42,Q4
301843,T113,Consulting,3619.38,Q3
301844,T101,Travel,47495.3,Q1
301845,T107,Consulting,31772.87,Q4
301846,T114,Training,22938.14,Q3
301847,T113,Travel,44413.03,Q3
301848,T102,Software,18317.89,Q2
301849,T115,Personnel,7328.83,Q2
301850,T115,Travel,40161.41,Q4
301851,T115,Training,-1832.77,Q2
301852,T118,Hardware,7048.03,Q2
301853,T107,Consulting,40184.59,Q2
301854,T116,Travel,46682.11,Q3
301855,T112,Personnel,10952.75,Q4
301856,T108,Office,24224.06,Q2
301857,T117,Software,44857.47,Q3
301858,T108,Software,4525.84,Q3
301859,T111,Training,36201.13,Q1
301860,T101,Software,15598.55,Q3
301861,T108,Hardware,36041.88,Q1
301862,T118,Training,5483.95,Q3
301863,T102,Software,18944.67,Q2
301864,T111,Office,2503.92,Q1
301865,T106,Travel,11915.04,Q1
301866,T101,Personnel,9509.78,Q2
301867,T112,Personnel,37213.64,Q2
301868,T111,Travel,19622.19,Q2
301869,T105,Office,46182.45,Q2
301870,T117,Hardware,28743.47,Q2
301871,T110,Office,23658.14,Q2
301872,T119,Consulting,45671.14,Q1
301873,T117,Hardware,21738.96,Q1
301874,T102,Consulting,35199.65,Q3
301875,T111,Personnel,13102.92,Q3
301876,T116,Hardware,49609.06,Q1
301877,T108,Training,19282.67,Q3
301878,T110,Office,44668.92,Q2
301879,T101,Personnel,-2764.2,Q3
301880,T105,Consulting,20230.81,Q2
301881,T112,Training,30980.92,Q3
301882,T103,Personnel,2083.92,Q2
301883,T113,Consulting,14604.23,Q3
301884,T102,Training,11701.35,Q2
301885,T112,Personnel,38922.7,Q2
301886,T114,Software,17079.53,Q4
301887,T115,Training,21662.98,Q4
301888,T103,Consulting,23946.29,Q3
301889,T118,Personnel,16944.31,Q1
301890,T103,Travel,799.07,Q4
301891,T118,Hardware,14856.74,Q1
301892,T113,Consulting,1827.0,Q1
301893,T116,Consulting,17750.49,Q1
301894,T117,Hardware,10790.33,Q3
301895,T106,Software,12987.19,Q3
301896,T107,Personnel,27426.84,Q4
301897,T112,Software,42230.15,Q1
301898,T107,Software,36302.27,Q4
301899,T108,Hardware,1199.56,Q4
301900,T103,Consulting,41162.9,Q3
301901,T119,Consulting,1556.67,Q4
301902,T117,Personnel,5459.5,Q3
301903,T101,Office,45687.04,Q4
301904,T115,Personnel,30191.35,Q2
301905,T106,Travel,3281.06,Q2
301906,T115,Consulting,27785.29,Q3
301907,T113,Hardware,20291.26,Q1
301908,T117,Software,36535.46,Q4
301909,T107,Training,34570.18,Q3
301910,T112,Training,15958.69,Q1
301911,T116,Office,6670.75,Q2
301912,T109,Software,31837.73,Q2
301913,T108,Hardware,28826.77,Q3
301914,T119,Hardware,22684.81,Q4
301915,T119,Travel,25821.64,Q3
301916,T117,Software,30007.34,Q2
301917,T113,Office,41301.4,Q2
301918,T115,Office,28852.4,Q4
301919,T105,Consulting,32110.31,Q1
301920,T111,Consulting,31250.96,Q4
301921,T110,Travel,3929.4,Q1
301922,T108,Consulting,28541.95,Q3
301923,T111,Personnel,25383.41,Q1
301924,T109,Office,13770.9,Q3
301925,T102,Hardware,26159.27,Q1
301926,T107,Personnel,20317.05,Q2
301927,T106,Travel,30348.79,Q3
301928,T116,Office,42141.36,Q2
301929,T117,Consulting,-1937.3,Q3
301930,T119,Software,15685.32,Q3
301931,T103,Software,33957.89,Q2
301932,T102,Office,32355.46,Q4
301933,T115,Software,4284.2,Q3
301934,T102,Hardware,45308.0,Q1
301935,T116,Software,-1045.29,Q4
301936,T102,Personnel,23290.68,Q4
301937,T108,Personnel,-4575.73,Q4
301938,T107,Travel,27651.14,Q1
301939,T116,Personnel,27492.52,Q1
301940,T112,Personnel,3937.58,Q1
301941,T110,Office,2581.86,Q3
301942,T105,Training,36615.57,Q3
301943,T102,Hardware,49199.09,Q2
301944,T119,Training,22102.5,Q4
301945,T115,Office,28982.91,Q1
301946,T104,Personnel,17282.3,Q4
301947,T112,Office,26714.7,Q3
301948,T108,Consulting,34352.51,Q1
301949,T101,Consulting,19880.34,Q2
301950,T112,Software,14954.62,Q1
301951,T104,Training,15050.03,Q2
301952,T117,Software,38732.54,Q3
301953,T107,Office,9415.01,Q3
301954,T119,Software,3104.4,Q1
301955,T113,Consulting,39741.12,Q2
301956,T118,Training,12717.15,Q2
301957,T107,Personnel,44750.89,Q2
301958,T114,Consulting,35610.92,Q4
301959,T117,Travel,21470.12,Q4
301960,T117,Personnel,38182.61,Q1
301961,T118,Training,24063.13,Q2
301962,T101,Software,4985.03,Q4
301963,T103,Software,47190.43,Q1
301964,T104,Hardware,21663.2,Q3
301965,T110,Personnel,11514.23,Q1
301966,T119,Consulting,5460.93,Q2
301967,T119,Hardware,35673.31,Q1
301968,T119,Personnel,20021.02,Q4
301969,T108,Travel,1016.68,Q4
301970,T115,Software,30640.36,Q1
301971,T103,Training,-2671.83,Q2
301972,T111,Travel,18613.68,Q2
301973,T114,Hardware,38206.29,Q4
301974,T110,Office,8284.76,Q1
301975,T114,Consulting,-1937.23,Q2
301976,T115,Training,-821.95,Q1
301977,T102,Consulting,47681.34,Q2
301978,T109,Office,23336.94,Q1
301979,T119,Training,19310.84,Q4
301980,T106,Consulting,43912.72,Q1
301981,T119,Consulting,46725.57,Q3
301982,T119,Office,41281.18,Q3
301983,T112,Personnel,17226.98,Q1
301984,T113,Consulting,42729.33,Q2
301985,T104,Hardware,16226.84,Q4
301986,T105,Training,18968.1,Q3
301987,T108,Software,45098.66,Q3
301988,T103,Software,23676.21,Q3
301989,T111,Personnel,26456.02,Q3
301990,T106,Software,2083.2,Q2
301991,T117,Travel,30643.63,Q4
301992,T110,Software,2325.01,Q1
301993,T107,Office,27576.56,Q1
301994,T118,Hardware,24329.3,Q1
301995,T116,Travel,818.83,Q1
301996,T117,Personnel,16389.63,Q2
301997,T102,Software,37978.75,Q2
301998,T114,Hardware,9786.54,Q1
301999,T114,Software,36945.75,Q4
302000,T112,Travel,43421.56,Q3
