encounter_id,BNP,NT_proBNP,Troponin_I,Troponin_T,Creatinine,Sodium,Potassium,Magnesium
1,"1694,4303",25814.653,35.03176,7.1233,1.0667e+01,"146,7916",4.919,2.54538
2,957.523,7243.66153,29.7037,5.2851e+00,"2,2388",126.540,2.84338,4.5981
3,446.27194,1665.6617,1.6392e+04,"3503,4733",690.021,146.42717,2.8191,2.5004e+00
4,2360.4273,2.1364e+04,"9,2318",2.731,13.81966,153.3451,3.7098e+00,"3,6548"
5,1.5283e+03,"10492,6273",35.759,4.16171,7.4275,1.5112e+02,"5,2856",7.229
6,"744,5299",1553.950,6636.12631,4128.6674,7.6942e+02,"139,6268",6.209,1.47467
7,2241.086,22130.71543,35.8137,6.3199e+00,"5,2797",147.923,5.45311,3.2660
8,2253.56413,21409.8352,,"2,4351",8.264,141.47594,3.2671,6.1216e+00
9,880.2964,1.9410e+03,"36010,6025",2919.334,nan,153.8621,5.2012e+00,"0,5347"
